Dataset,Label,Initial Set Description,Method,Budget,Seed,Initial Set Size,Initial Test R2,Labeled Set Size,Test R2
USAVARS,POP,IDs_1000_counties_3_points_seed_42,inversetypiclust,100,789,1966,0.6019016595072297,2066,0.603394783606849
USAVARS,POP,IDs_1000_counties_3_points_seed_42,inversetypiclust,100,1,1966,0.6019016595072297,2066,0.6047648036122064
USAVARS,POP,IDs_1000_counties_3_points_seed_42,inversetypiclust,100,42,1966,0.6019016595072297,2066,0.6027734900017836
USAVARS,POP,IDs_1000_counties_3_points_seed_42,inversetypiclust,100,123,1966,0.6019016595072297,2066,0.6032193455055599
USAVARS,POP,IDs_1000_counties_3_points_seed_42,inversetypiclust,100,456,1966,0.6019016595072297,2066,0.6016772755836308
USAVARS,POP,IDs_1000_counties_3_points_seed_42,random,100,123,1966,0.6019016595072297,2066,0.5959558408689711
USAVARS,POP,IDs_1000_counties_3_points_seed_42,random,100,42,1966,0.6019016595072297,2066,0.6046955243594179
USAVARS,POP,IDs_1000_counties_3_points_seed_42,random,100,1,1966,0.6019016595072297,2066,0.6032782917134896
USAVARS,POP,IDs_1000_counties_3_points_seed_42,random,100,789,1966,0.6019016595072297,2066,0.6003046603517015
USAVARS,POP,IDs_1000_counties_3_points_seed_42,random,100,456,1966,0.6019016595072297,2066,0.600729931497876
USAVARS,POP,IDs_1000_counties_3_points_seed_42,typiclust,100,456,1966,0.6019016595072297,2066,0.6011438545793568
USAVARS,POP,IDs_1000_counties_3_points_seed_42,typiclust,100,1,1966,0.6019016595072297,2066,0.5998116246653729
USAVARS,POP,IDs_1000_counties_3_points_seed_42,typiclust,100,123,1966,0.6019016595072297,2066,0.6024601508133914
USAVARS,POP,IDs_1000_counties_3_points_seed_42,typiclust,100,789,1966,0.6019016595072297,2066,0.600035083391629
USAVARS,POP,IDs_1000_counties_3_points_seed_42,typiclust,100,42,1966,0.6019016595072297,2066,0.6024939259408291
USAVARS,POP,IDs_1000_counties_3_points_seed_42,random,1000,123,1966,0.6019016595072297,2966,0.6497314666385934
USAVARS,POP,IDs_1000_counties_3_points_seed_42,random,1000,42,1966,0.6019016595072297,2966,0.6315031796863254
USAVARS,POP,IDs_1000_counties_3_points_seed_42,random,1000,1,1966,0.6019016595072297,2966,0.6521081700052044
USAVARS,POP,IDs_1000_counties_3_points_seed_42,random,1000,456,1966,0.6019016595072297,2966,0.649287950514253
USAVARS,POP,IDs_1000_counties_3_points_seed_42,random,1000,789,1966,0.6019016595072297,2966,0.6611127856708914
USAVARS,POP,IDs_1000_counties_3_points_seed_42,typiclust,1000,123,1966,0.6019016595072297,2966,0.6473986162011294
USAVARS,POP,IDs_1000_counties_3_points_seed_42,typiclust,1000,42,1966,0.6019016595072297,2966,0.6376213739897088
USAVARS,POP,IDs_1000_counties_3_points_seed_42,typiclust,1000,1,1966,0.6019016595072297,2966,0.6450021315920504
USAVARS,POP,IDs_1000_counties_6_points_seed_42,inversetypiclust,100,42,3845,0.6433320961187281,3945,0.651744315566922
USAVARS,POP,IDs_1000_counties_6_points_seed_42,inversetypiclust,100,1,3845,0.6433320961187281,3945,0.6523409546325023
USAVARS,POP,IDs_1000_counties_6_points_seed_42,inversetypiclust,100,456,3845,0.6433320961187281,3945,0.6497334336510058
USAVARS,POP,IDs_1000_counties_6_points_seed_42,inversetypiclust,100,123,3845,0.6433320961187281,3945,0.6497677361923362
USAVARS,POP,IDs_1000_counties_6_points_seed_42,inversetypiclust,100,789,3845,0.6433320961187281,3945,0.6518834896820704
USAVARS,POP,IDs_1000_counties_6_points_seed_42,random,100,789,3845,0.6433320961187281,3945,0.6478941422900779
USAVARS,POP,IDs_1000_counties_6_points_seed_42,random,100,456,3845,0.6433320961187281,3945,0.6459378202112681
USAVARS,POP,IDs_1000_counties_6_points_seed_42,random,100,1,3845,0.6433320961187281,3945,0.6469838077969239
USAVARS,POP,IDs_1000_counties_6_points_seed_42,random,100,42,3845,0.6433320961187281,3945,0.6478411374596101
USAVARS,POP,IDs_1000_counties_6_points_seed_42,random,100,123,3845,0.6433320961187281,3945,0.6486046933798415
USAVARS,POP,IDs_1000_counties_6_points_seed_42,typiclust,100,1,3845,0.6433320961187281,3945,0.6475563385206726
USAVARS,POP,IDs_1000_counties_6_points_seed_42,typiclust,100,42,3845,0.6433320961187281,3945,0.6472545464179098
USAVARS,POP,IDs_1000_counties_6_points_seed_42,typiclust,100,789,3845,0.6433320961187281,3945,0.6490625237611481
USAVARS,POP,IDs_1000_counties_6_points_seed_42,typiclust,100,123,3845,0.6433320961187281,3945,0.650390777466541
USAVARS,POP,IDs_1000_counties_6_points_seed_42,typiclust,100,456,3845,0.6433320961187281,3945,0.649540280862832
USAVARS,POP,IDs_1000_counties_6_points_seed_42,random,1000,42,3845,0.6433320961187281,4845,0.6721883368819228
USAVARS,POP,IDs_1000_counties_6_points_seed_42,random,1000,456,3845,0.6433320961187281,4845,0.6690792497258771
USAVARS,POP,IDs_1000_counties_6_points_seed_42,random,1000,123,3845,0.6433320961187281,4845,0.6729197246799458
USAVARS,POP,IDs_1000_counties_6_points_seed_42,random,1000,1,3845,0.6433320961187281,4845,0.6688785661477656
USAVARS,POP,IDs_1000_counties_6_points_seed_42,random,1000,789,3845,0.6433320961187281,4845,0.6684416876685291
USAVARS,POP,IDs_1000_counties_6_points_seed_42,typiclust,1000,1,3845,0.6433320961187281,4845,0.663168958826202
USAVARS,POP,IDs_1000_counties_6_points_seed_42,typiclust,1000,42,3845,0.6433320961187281,4845,0.6635531721786322
USAVARS,POP,IDs_1000_counties_6_points_seed_42,typiclust,1000,123,3845,0.6433320961187281,4845,0.6672780710330564
USAVARS,POP,IDs_100_counties_5_points_seed_42,inversetypiclust,100,789,307,0.45100074091990994,407,0.49997394723233757
USAVARS,POP,IDs_100_counties_5_points_seed_42,inversetypiclust,100,456,307,0.45100074091990994,407,0.4892117903347113
USAVARS,POP,IDs_100_counties_5_points_seed_42,inversetypiclust,100,1,307,0.45100074091990994,407,0.5225285746486479
USAVARS,POP,IDs_100_counties_5_points_seed_42,inversetypiclust,100,42,307,0.45100074091990994,407,0.5170849208859853
USAVARS,POP,IDs_100_counties_5_points_seed_42,inversetypiclust,100,123,307,0.45100074091990994,407,0.5132901233311613
USAVARS,POP,IDs_100_counties_5_points_seed_42,random,100,123,307,0.45100074091990994,407,0.531605101790277
USAVARS,POP,IDs_100_counties_5_points_seed_42,random,100,789,307,0.45100074091990994,407,0.49571990358196694
USAVARS,POP,IDs_100_counties_5_points_seed_42,random,100,1,307,0.45100074091990994,407,0.4829840623672912
USAVARS,POP,IDs_100_counties_5_points_seed_42,random,100,42,307,0.45100074091990994,407,0.481169000744778
USAVARS,POP,IDs_100_counties_5_points_seed_42,random,100,456,307,0.45100074091990994,407,0.4942060961218362
USAVARS,POP,IDs_100_counties_5_points_seed_42,typiclust,100,123,307,0.45100074091990994,407,0.4899388831000623
USAVARS,POP,IDs_100_counties_5_points_seed_42,typiclust,100,789,307,0.45100074091990994,407,0.4718218086433199
USAVARS,POP,IDs_100_counties_5_points_seed_42,typiclust,100,42,307,0.45100074091990994,407,0.46777142240901903
USAVARS,POP,IDs_100_counties_5_points_seed_42,typiclust,100,456,307,0.45100074091990994,407,0.4884138672180153
USAVARS,POP,IDs_100_counties_5_points_seed_42,typiclust,100,1,307,0.45100074091990994,407,0.47692660027638656
USAVARS,POP,IDs_100_counties_5_points_seed_42,random,1000,42,307,0.45100074091990994,1307,0.6061673435492444
USAVARS,POP,IDs_100_counties_5_points_seed_42,random,1000,456,307,0.45100074091990994,1307,0.5965827827713235
USAVARS,POP,IDs_100_counties_5_points_seed_42,random,1000,123,307,0.45100074091990994,1307,0.6078969153555975
USAVARS,POP,IDs_100_counties_5_points_seed_42,random,1000,1,307,0.45100074091990994,1307,0.6000218742973134
USAVARS,POP,IDs_100_counties_5_points_seed_42,random,1000,789,307,0.45100074091990994,1307,0.6018045391484634
USAVARS,POP,IDs_100_counties_5_points_seed_42,typiclust,1000,1,307,0.45100074091990994,1307,0.6043151586341997
USAVARS,POP,IDs_100_counties_5_points_seed_42,typiclust,1000,123,307,0.45100074091990994,1307,0.5968597790939592
USAVARS,POP,IDs_100_counties_5_points_seed_42,typiclust,1000,42,307,0.45100074091990994,1307,0.5897223687643864
USAVARS,POP,IDs_1500_centers_10000m_radius_seed_42,inversetypiclust,100,456,5170,0.6702476590858399,5270,0.6728739515459228
USAVARS,POP,IDs_1500_centers_10000m_radius_seed_42,inversetypiclust,100,42,5170,0.6702476590858399,5270,0.6723566304138504
USAVARS,POP,IDs_1500_centers_10000m_radius_seed_42,inversetypiclust,100,789,5170,0.6702476590858399,5270,0.6743822787026112
USAVARS,POP,IDs_1500_centers_10000m_radius_seed_42,inversetypiclust,100,1,5170,0.6702476590858399,5270,0.6728704757193993
USAVARS,POP,IDs_1500_centers_10000m_radius_seed_42,inversetypiclust,100,123,5170,0.6702476590858399,5270,0.6736630966323365
USAVARS,POP,IDs_1500_centers_10000m_radius_seed_42,random,100,1,5170,0.6702476590858399,5270,0.6723829039611784
USAVARS,POP,IDs_1500_centers_10000m_radius_seed_42,random,100,42,5170,0.6702476590858399,5270,0.6706152666915366
USAVARS,POP,IDs_1500_centers_10000m_radius_seed_42,random,100,789,5170,0.6702476590858399,5270,0.6708868874643636
USAVARS,POP,IDs_1500_centers_10000m_radius_seed_42,random,100,456,5170,0.6702476590858399,5270,0.6714394140077043
USAVARS,POP,IDs_1500_centers_10000m_radius_seed_42,random,100,123,5170,0.6702476590858399,5270,0.6712440314940991
USAVARS,POP,IDs_1500_centers_10000m_radius_seed_42,typiclust,100,456,5170,0.6702476590858399,5270,0.6716574009086091
USAVARS,POP,IDs_1500_centers_10000m_radius_seed_42,typiclust,100,42,5170,0.6702476590858399,5270,0.6726466314086462
USAVARS,POP,IDs_1500_centers_10000m_radius_seed_42,typiclust,100,1,5170,0.6702476590858399,5270,0.6708135373394575
USAVARS,POP,IDs_1500_centers_10000m_radius_seed_42,typiclust,100,123,5170,0.6702476590858399,5270,0.671338255982377
USAVARS,POP,IDs_1500_centers_10000m_radius_seed_42,typiclust,100,789,5170,0.6702476590858399,5270,0.671749776232031
USAVARS,POP,IDs_1500_centers_10000m_radius_seed_42,random,1000,123,5170,0.6702476590858399,6170,0.6803675844189019
USAVARS,POP,IDs_1500_centers_10000m_radius_seed_42,random,1000,1,5170,0.6702476590858399,6170,0.682246826533681
USAVARS,POP,IDs_1500_centers_10000m_radius_seed_42,random,1000,42,5170,0.6702476590858399,6170,0.6786276989747688
USAVARS,POP,IDs_1500_centers_10000m_radius_seed_42,random,1000,456,5170,0.6702476590858399,6170,0.6805241327301883
USAVARS,POP,IDs_1500_centers_10000m_radius_seed_42,random,1000,789,5170,0.6702476590858399,6170,0.6794302484161152
USAVARS,POP,IDs_1500_centers_10000m_radius_seed_42,typiclust,1000,42,5170,0.6702476590858399,6170,0.6783817567525534
USAVARS,POP,IDs_1500_centers_10000m_radius_seed_42,typiclust,1000,1,5170,0.6702476590858399,6170,0.6773146246039663
USAVARS,POP,IDs_500_centers_20000m_radius_seed_42,inversetypiclust,100,1,5488,0.6539498059686957,5588,0.6586460572475816
USAVARS,POP,IDs_500_centers_20000m_radius_seed_42,inversetypiclust,100,42,5488,0.6539498059686957,5588,0.6568101948001155
USAVARS,POP,IDs_500_centers_20000m_radius_seed_42,inversetypiclust,100,123,5488,0.6539498059686957,5588,0.6566024647010771
USAVARS,POP,IDs_500_centers_20000m_radius_seed_42,inversetypiclust,100,456,5488,0.6539498059686957,5588,0.6581843370195846
USAVARS,POP,IDs_500_centers_20000m_radius_seed_42,inversetypiclust,100,789,5488,0.6539498059686957,5588,0.6581255538343959
USAVARS,POP,IDs_500_centers_20000m_radius_seed_42,random,100,1,5488,0.6539498059686957,5588,0.657726266776439
USAVARS,POP,IDs_500_centers_20000m_radius_seed_42,random,100,123,5488,0.6539498059686957,5588,0.6557159538592863
USAVARS,POP,IDs_500_centers_20000m_radius_seed_42,random,100,456,5488,0.6539498059686957,5588,0.6574338175535053
USAVARS,POP,IDs_500_centers_20000m_radius_seed_42,random,100,42,5488,0.6539498059686957,5588,0.6557153668417828
USAVARS,POP,IDs_500_centers_20000m_radius_seed_42,random,100,789,5488,0.6539498059686957,5588,0.6557891477826996
USAVARS,POP,IDs_500_centers_20000m_radius_seed_42,typiclust,100,42,5488,0.6539498059686957,5588,0.6563455933906388
USAVARS,POP,IDs_500_centers_20000m_radius_seed_42,typiclust,100,456,5488,0.6539498059686957,5588,0.6571560290001821
USAVARS,POP,IDs_500_centers_20000m_radius_seed_42,typiclust,100,123,5488,0.6539498059686957,5588,0.6571281828565119
USAVARS,POP,IDs_500_centers_20000m_radius_seed_42,typiclust,100,789,5488,0.6539498059686957,5588,0.6555604826032124
USAVARS,POP,IDs_500_centers_20000m_radius_seed_42,typiclust,100,1,5488,0.6539498059686957,5588,0.654263476751866
USAVARS,POP,IDs_500_centers_20000m_radius_seed_42,random,1000,42,5488,0.6539498059686957,6488,0.6704135347167022
USAVARS,POP,IDs_500_centers_20000m_radius_seed_42,random,1000,123,5488,0.6539498059686957,6488,0.6686656503303858
USAVARS,POP,IDs_500_centers_20000m_radius_seed_42,random,1000,789,5488,0.6539498059686957,6488,0.6693945145101586
USAVARS,POP,IDs_500_centers_20000m_radius_seed_42,random,1000,456,5488,0.6539498059686957,6488,0.6704205557019602
USAVARS,POP,IDs_500_centers_20000m_radius_seed_42,random,1000,1,5488,0.6539498059686957,6488,0.6710498329484791
USAVARS,POP,IDs_500_centers_20000m_radius_seed_42,typiclust,1000,123,5488,,5488,
USAVARS,POP,IDs_500_centers_20000m_radius_seed_42,typiclust,1000,1,5488,0.6539498059686957,6488,0.6709733182227255
USAVARS,POP,IDs_500_centers_20000m_radius_seed_42,typiclust,1000,42,5488,0.6539498059686957,6488,0.6653792694456424
USAVARS,POP,IDs_500_centers_5000m_radius_seed_42,inversetypiclust,100,42,849,0.5827131247468811,949,0.5905908730110363
USAVARS,POP,IDs_500_centers_5000m_radius_seed_42,inversetypiclust,100,789,849,0.5827131247468811,949,0.5905538242529377
USAVARS,POP,IDs_500_centers_5000m_radius_seed_42,inversetypiclust,100,123,849,0.5827131247468811,949,0.5873221314536853
USAVARS,POP,IDs_500_centers_5000m_radius_seed_42,inversetypiclust,100,1,849,0.5827131247468811,949,0.5929035953992929
USAVARS,POP,IDs_500_centers_5000m_radius_seed_42,inversetypiclust,100,456,849,0.5827131247468811,949,0.5906216798626995
USAVARS,POP,IDs_500_centers_5000m_radius_seed_42,random,100,42,849,0.5827131247468811,949,0.5933336514435579
USAVARS,POP,IDs_500_centers_5000m_radius_seed_42,random,100,456,849,0.5827131247468811,949,0.5968099239190946
USAVARS,POP,IDs_500_centers_5000m_radius_seed_42,random,100,789,849,0.5827131247468811,949,0.5917704528393793
USAVARS,POP,IDs_500_centers_5000m_radius_seed_42,random,100,1,849,0.5827131247468811,949,0.5876902172325205
USAVARS,POP,IDs_500_centers_5000m_radius_seed_42,random,100,123,849,0.5827131247468811,949,0.5833930721945939
USAVARS,POP,IDs_500_centers_5000m_radius_seed_42,typiclust,100,42,849,0.5827131247468811,949,0.5908848082413731
USAVARS,POP,IDs_500_centers_5000m_radius_seed_42,typiclust,100,1,849,0.5827131247468811,949,0.5868191212726084
USAVARS,POP,IDs_500_centers_5000m_radius_seed_42,typiclust,100,456,849,0.5827131247468811,949,0.5924912912258073
USAVARS,POP,IDs_500_centers_5000m_radius_seed_42,typiclust,100,123,849,0.5827131247468811,949,0.5929031811373291
USAVARS,POP,IDs_500_centers_5000m_radius_seed_42,typiclust,100,789,849,0.5827131247468811,949,0.5878335546078342
USAVARS,POP,IDs_500_centers_5000m_radius_seed_42,random,1000,123,849,0.5827131247468811,1849,0.6231562439814708
USAVARS,POP,IDs_500_centers_5000m_radius_seed_42,random,1000,42,849,0.5827131247468811,1849,0.6168686257994538
USAVARS,POP,IDs_500_centers_5000m_radius_seed_42,random,1000,789,849,0.5827131247468811,1849,0.629105300868902
USAVARS,POP,IDs_500_centers_5000m_radius_seed_42,random,1000,1,849,0.5827131247468811,1849,0.6196365300551488
USAVARS,POP,IDs_500_centers_5000m_radius_seed_42,random,1000,456,849,0.5827131247468811,1849,0.6251852347243256
USAVARS,POP,IDs_500_centers_5000m_radius_seed_42,typiclust,1000,42,849,0.5827131247468811,1849,0.6211442629695076
USAVARS,POP,IDs_500_centers_5000m_radius_seed_42,typiclust,1000,1,849,0.5827131247468811,1849,0.63332904173763
USAVARS,POP,IDs_500_centers_5000m_radius_seed_42,typiclust,1000,123,849,0.5827131247468811,1849,0.6284933073247699
USAVARS,POP,IDs_500_counties_4_points_seed_42,inversetypiclust,100,123,1292,0.5812976693528568,1392,0.591321509050045
USAVARS,POP,IDs_500_counties_4_points_seed_42,inversetypiclust,100,456,1292,0.5812976693528568,1392,0.588871855467189
USAVARS,POP,IDs_500_counties_4_points_seed_42,inversetypiclust,100,1,1292,0.5812976693528568,1392,0.5892915193700885
USAVARS,POP,IDs_500_counties_4_points_seed_42,inversetypiclust,100,42,1292,0.5812976693528568,1392,0.5944405504865474
USAVARS,POP,IDs_500_counties_4_points_seed_42,inversetypiclust,100,789,1292,0.5812976693528568,1392,0.587326178470053
USAVARS,POP,IDs_500_counties_4_points_seed_42,random,100,789,1292,0.5812976693528568,1392,0.5920128213127932
USAVARS,POP,IDs_500_counties_4_points_seed_42,random,100,42,1292,0.5812976693528568,1392,0.5910450158027468
USAVARS,POP,IDs_500_counties_4_points_seed_42,random,100,456,1292,0.5812976693528568,1392,0.5871960477434144
USAVARS,POP,IDs_500_counties_4_points_seed_42,random,100,123,1292,0.5812976693528568,1392,0.5921386805015774
USAVARS,POP,IDs_500_counties_4_points_seed_42,random,100,1,1292,0.5812976693528568,1392,0.5863056490968159
USAVARS,POP,IDs_500_counties_4_points_seed_42,typiclust,100,42,1292,0.5812976693528568,1392,0.5959411338943981
USAVARS,POP,IDs_500_counties_4_points_seed_42,typiclust,100,456,1292,0.5812976693528568,1392,0.5853249419268582
USAVARS,POP,IDs_500_counties_4_points_seed_42,typiclust,100,123,1292,0.5812976693528568,1392,0.5864114172501027
USAVARS,POP,IDs_500_counties_4_points_seed_42,typiclust,100,1,1292,0.5812976693528568,1392,0.5910241918165999
USAVARS,POP,IDs_500_counties_4_points_seed_42,typiclust,100,789,1292,0.5812976693528568,1392,0.5915840424350101
USAVARS,POP,IDs_500_counties_4_points_seed_42,random,1000,456,1292,0.5812976693528568,2292,0.6310839087417652
USAVARS,POP,IDs_500_counties_4_points_seed_42,random,1000,1,1292,0.5812976693528568,2292,0.6335538606618647
USAVARS,POP,IDs_500_counties_4_points_seed_42,random,1000,42,1292,0.5812976693528568,2292,0.6124408365438556
USAVARS,POP,IDs_500_counties_4_points_seed_42,random,1000,789,1292,0.5812976693528568,2292,0.620001364047776
USAVARS,POP,IDs_500_counties_4_points_seed_42,random,1000,123,1292,0.5812976693528568,2292,0.6242713935341102
USAVARS,POP,IDs_500_counties_4_points_seed_42,typiclust,1000,42,1292,0.5812976693528568,2292,0.6282856127103175
USAVARS,POP,IDs_500_counties_4_points_seed_42,typiclust,1000,1,1292,0.5812976693528568,2292,0.637076943616182
USAVARS,POP,IDs_500_counties_4_points_seed_42,typiclust,1000,123,1292,0.5812976693528568,2292,0.6400234399522338
USAVARS,POP,IDs_750_centers_5000m_radius_seed_42,inversetypiclust,100,789,1244,0.5983695355770775,1344,0.604091264537585
USAVARS,POP,IDs_750_centers_5000m_radius_seed_42,inversetypiclust,100,1,1244,0.5983695355770775,1344,0.6070383962654253
USAVARS,POP,IDs_750_centers_5000m_radius_seed_42,inversetypiclust,100,456,1244,0.5983695355770775,1344,0.6031900997594293
USAVARS,POP,IDs_750_centers_5000m_radius_seed_42,inversetypiclust,100,42,1244,0.5983695355770775,1344,0.6027071019006052
USAVARS,POP,IDs_750_centers_5000m_radius_seed_42,inversetypiclust,100,123,1244,0.5983695355770775,1344,0.6019219116606387
USAVARS,POP,IDs_750_centers_5000m_radius_seed_42,random,100,123,1244,0.5983695355770775,1344,0.6028462819064739
USAVARS,POP,IDs_750_centers_5000m_radius_seed_42,random,100,456,1244,0.5983695355770775,1344,0.6084143324728193
USAVARS,POP,IDs_750_centers_5000m_radius_seed_42,random,100,1,1244,0.5983695355770775,1344,0.6038105226435945
USAVARS,POP,IDs_750_centers_5000m_radius_seed_42,random,100,42,1244,0.5983695355770775,1344,0.604961097192961
USAVARS,POP,IDs_750_centers_5000m_radius_seed_42,random,100,789,1244,0.5983695355770775,1344,0.6076796694809588
USAVARS,POP,IDs_750_centers_5000m_radius_seed_42,typiclust,100,456,1244,0.5983695355770775,1344,0.6090222651619082
USAVARS,POP,IDs_750_centers_5000m_radius_seed_42,typiclust,100,42,1244,0.5983695355770775,1344,0.6078165781134194
USAVARS,POP,IDs_750_centers_5000m_radius_seed_42,typiclust,100,1,1244,0.5983695355770775,1344,0.6031110342670369
USAVARS,POP,IDs_750_centers_5000m_radius_seed_42,typiclust,100,789,1244,0.5983695355770775,1344,0.6091524682454271
USAVARS,POP,IDs_750_centers_5000m_radius_seed_42,typiclust,100,123,1244,0.5983695355770775,1344,0.6046410526414298
USAVARS,POP,IDs_750_centers_5000m_radius_seed_42,random,1000,789,1244,0.5983695355770775,2244,0.6392118248760429
USAVARS,POP,IDs_750_centers_5000m_radius_seed_42,random,1000,1,1244,0.5983695355770775,2244,0.6383469262413535
USAVARS,POP,IDs_750_centers_5000m_radius_seed_42,random,1000,42,1244,0.5983695355770775,2244,0.6455586439257863
USAVARS,POP,IDs_750_centers_5000m_radius_seed_42,random,1000,123,1244,0.5983695355770775,2244,0.6458836103005728
USAVARS,POP,IDs_750_centers_5000m_radius_seed_42,random,1000,456,1244,0.5983695355770775,2244,0.6313535548647297
USAVARS,POP,IDs_750_centers_5000m_radius_seed_42,typiclust,1000,42,1244,0.5983695355770775,2244,0.6385249316648256
USAVARS,POP,IDs_750_centers_5000m_radius_seed_42,typiclust,1000,1,1244,0.5983695355770775,2244,0.6447490266359412
USAVARS,TC,IDs_1000_counties_3_points_seed_42,inversetypiclust,100,456,2964,0.8886715317086515,3064,0.8900228939109994
USAVARS,TC,IDs_1000_counties_3_points_seed_42,inversetypiclust,100,789,2964,0.8886715317086515,3064,0.8894768384523684
USAVARS,TC,IDs_1000_counties_3_points_seed_42,inversetypiclust,100,42,2964,0.8886715317086515,3064,0.8895615865003025
USAVARS,TC,IDs_1000_counties_3_points_seed_42,inversetypiclust,100,1,2964,0.8886715317086515,3064,0.8893359080697373
USAVARS,TC,IDs_1000_counties_3_points_seed_42,inversetypiclust,100,123,2964,0.8886715317086515,3064,0.8890146334736743
USAVARS,TC,IDs_1000_counties_3_points_seed_42,random,100,42,2964,0.8886715317086515,3064,0.8895416161689674
USAVARS,TC,IDs_1000_counties_3_points_seed_42,random,100,456,2964,0.8886715317086515,3064,0.8885038286830761
USAVARS,TC,IDs_1000_counties_3_points_seed_42,random,100,1,2964,0.8886715317086515,3064,0.889009864330473
USAVARS,TC,IDs_1000_counties_3_points_seed_42,random,100,123,2964,0.8886715317086515,3064,0.8892350734766531
USAVARS,TC,IDs_1000_counties_3_points_seed_42,random,100,789,2964,0.8886715317086515,3064,0.8891795586245125
USAVARS,TC,IDs_1000_counties_3_points_seed_42,typiclust,100,789,2964,0.8886715317086515,3064,0.8896541216858368
USAVARS,TC,IDs_1000_counties_3_points_seed_42,typiclust,100,456,2964,0.8886715317086515,3064,0.8891276153170169
USAVARS,TC,IDs_1000_counties_3_points_seed_42,typiclust,100,123,2964,0.8886715317086515,3064,0.8892118736999776
USAVARS,TC,IDs_1000_counties_3_points_seed_42,typiclust,100,42,2964,0.8886715317086515,3064,0.8894427806732847
USAVARS,TC,IDs_1000_counties_3_points_seed_42,typiclust,100,1,2964,0.8886715317086515,3064,0.8889961110033967
USAVARS,TC,IDs_1000_counties_3_points_seed_42,inversetypiclust,1000,456,2964,0.8886715317086515,3964,0.8948101248848617
USAVARS,TC,IDs_1000_counties_3_points_seed_42,inversetypiclust,1000,42,2964,0.8886715317086515,3964,0.8955876111067247
USAVARS,TC,IDs_1000_counties_3_points_seed_42,inversetypiclust,1000,789,2964,0.8886715317086515,3964,0.8951751336718204
USAVARS,TC,IDs_1000_counties_3_points_seed_42,inversetypiclust,1000,123,2964,0.8886715317086515,3964,0.8940612264434552
USAVARS,TC,IDs_1000_counties_3_points_seed_42,inversetypiclust,1000,1,2964,0.8886715317086515,3964,0.8947099588907628
USAVARS,TC,IDs_1000_counties_3_points_seed_42,random,1000,123,2964,0.8886715317086515,3964,0.8940329569695553
USAVARS,TC,IDs_1000_counties_3_points_seed_42,random,1000,456,2964,0.8886715317086515,3964,0.8923680188798186
USAVARS,TC,IDs_1000_counties_3_points_seed_42,random,1000,789,2964,0.8886715317086515,3964,0.8938888554081394
USAVARS,TC,IDs_1000_counties_3_points_seed_42,random,1000,1,2964,0.8886715317086515,3964,0.8936455810762917
USAVARS,TC,IDs_1000_counties_3_points_seed_42,random,1000,42,2964,0.8886715317086515,3964,0.8927318580413564
USAVARS,TC,IDs_1000_counties_3_points_seed_42,typiclust,1000,123,2964,0.8886715317086515,3964,0.892967578359133
USAVARS,TC,IDs_1000_counties_3_points_seed_42,typiclust,1000,1,2964,0.8886715317086515,3964,0.8922997610522808
USAVARS,TC,IDs_1000_counties_3_points_seed_42,typiclust,1000,42,2964,0.8886715317086515,3964,0.8934577182016542
USAVARS,TC,IDs_1000_counties_3_points_seed_42,typiclust,1000,456,2964,0.8886715317086515,3964,0.893307521111769
USAVARS,TC,IDs_1000_counties_3_points_seed_42,typiclust,1000,789,2964,0.8886715317086515,3964,0.8925148366729375
USAVARS,TC,IDs_1000_counties_6_points_seed_42,inversetypiclust,100,456,,,,
USAVARS,TC,IDs_1000_counties_6_points_seed_42,inversetypiclust,100,1,,,,
USAVARS,TC,IDs_1000_counties_6_points_seed_42,inversetypiclust,100,123,,,,
USAVARS,TC,IDs_1000_counties_6_points_seed_42,inversetypiclust,100,789,,,,
USAVARS,TC,IDs_1000_counties_6_points_seed_42,inversetypiclust,100,42,,,,
USAVARS,TC,IDs_1000_counties_6_points_seed_42,random,100,789,,,,
USAVARS,TC,IDs_1000_counties_6_points_seed_42,random,100,42,,,,
USAVARS,TC,IDs_1000_counties_6_points_seed_42,random,100,456,,,,
USAVARS,TC,IDs_1000_counties_6_points_seed_42,random,100,1,,,,
USAVARS,TC,IDs_1000_counties_6_points_seed_42,random,100,123,,,,
USAVARS,TC,IDs_1000_counties_6_points_seed_42,typiclust,100,123,,,,
USAVARS,TC,IDs_1000_counties_6_points_seed_42,typiclust,100,42,,,,
USAVARS,TC,IDs_1000_counties_6_points_seed_42,typiclust,100,1,,,,
USAVARS,TC,IDs_1000_counties_6_points_seed_42,typiclust,100,789,,,,
USAVARS,TC,IDs_1000_counties_6_points_seed_42,typiclust,100,456,,,,
USAVARS,TC,IDs_1000_counties_6_points_seed_42,inversetypiclust,1000,1,,,,
USAVARS,TC,IDs_1000_counties_6_points_seed_42,inversetypiclust,1000,789,,,,
USAVARS,TC,IDs_1000_counties_6_points_seed_42,inversetypiclust,1000,456,,,,
USAVARS,TC,IDs_1000_counties_6_points_seed_42,inversetypiclust,1000,42,,,,
USAVARS,TC,IDs_1000_counties_6_points_seed_42,inversetypiclust,1000,123,,,,
USAVARS,TC,IDs_1000_counties_6_points_seed_42,random,1000,42,,,,
USAVARS,TC,IDs_1000_counties_6_points_seed_42,random,1000,1,,,,
USAVARS,TC,IDs_1000_counties_6_points_seed_42,random,1000,789,,,,
USAVARS,TC,IDs_1000_counties_6_points_seed_42,random,1000,456,,,,
USAVARS,TC,IDs_1000_counties_6_points_seed_42,random,1000,123,,,,
USAVARS,TC,IDs_1000_counties_6_points_seed_42,typiclust,1000,1,,,,
USAVARS,TC,IDs_1000_counties_6_points_seed_42,typiclust,1000,123,,,,
USAVARS,TC,IDs_1000_counties_6_points_seed_42,typiclust,1000,789,,,,
USAVARS,TC,IDs_1000_counties_6_points_seed_42,typiclust,1000,42,,,,
USAVARS,TC,IDs_1000_counties_6_points_seed_42,typiclust,1000,456,,,,
USAVARS,TC,IDs_100_counties_5_points_seed_42,ensemble_variance,100,,463,0.7702795297073435,563,0.8210450608923413
USAVARS,TC,IDs_100_counties_5_points_seed_42,inversetypiclust,100,456,463,0.786169068400429,563,0.8260100800692347
USAVARS,TC,IDs_100_counties_5_points_seed_42,inversetypiclust,100,1,463,0.786169068400429,563,0.8126156082489071
USAVARS,TC,IDs_100_counties_5_points_seed_42,inversetypiclust,100,789,463,0.786169068400429,563,0.8212683022334728
USAVARS,TC,IDs_100_counties_5_points_seed_42,inversetypiclust,100,42,463,0.786169068400429,563,0.8132586904403162
USAVARS,TC,IDs_100_counties_5_points_seed_42,inversetypiclust,100,123,463,0.786169068400429,563,0.8169867460768573
USAVARS,TC,IDs_100_counties_5_points_seed_42,random,100,789,463,0.786169068400429,563,0.8222888433638889
USAVARS,TC,IDs_100_counties_5_points_seed_42,random,100,42,463,0.786169068400429,563,0.8204260981568804
USAVARS,TC,IDs_100_counties_5_points_seed_42,random,100,123,463,0.786169068400429,563,0.8234572344627252
USAVARS,TC,IDs_100_counties_5_points_seed_42,random,100,456,463,0.786169068400429,563,0.8184330832240196
USAVARS,TC,IDs_100_counties_5_points_seed_42,random,100,1,463,0.786169068400429,563,0.8176848463104882
USAVARS,TC,IDs_100_counties_5_points_seed_42,typiclust,100,123,463,0.786169068400429,563,0.8122079556014379
USAVARS,TC,IDs_100_counties_5_points_seed_42,typiclust,100,42,463,0.786169068400429,563,0.8209588048044668
USAVARS,TC,IDs_100_counties_5_points_seed_42,typiclust,100,1,463,0.786169068400429,563,0.8194423858050685
USAVARS,TC,IDs_100_counties_5_points_seed_42,typiclust,100,789,463,0.786169068400429,563,0.8122603806275247
USAVARS,TC,IDs_100_counties_5_points_seed_42,typiclust,100,456,463,0.786169068400429,563,0.8079215955515219
USAVARS,TC,IDs_100_counties_5_points_seed_42,ensemble_variance,200,,463,0.7702795297073435,663,0.8277467263622349
USAVARS,TC,IDs_100_counties_5_points_seed_42,inversetypiclust,200,1,463,0.786169068400429,663,0.8244338861495039
USAVARS,TC,IDs_100_counties_5_points_seed_42,inversetypiclust,200,789,463,0.786169068400429,663,0.8435986169010516
USAVARS,TC,IDs_100_counties_5_points_seed_42,inversetypiclust,200,42,463,0.786169068400429,663,0.8362258791270858
USAVARS,TC,IDs_100_counties_5_points_seed_42,inversetypiclust,200,456,463,0.786169068400429,663,0.8313823371625102
USAVARS,TC,IDs_100_counties_5_points_seed_42,inversetypiclust,200,123,463,0.786169068400429,663,0.8326977009746581
USAVARS,TC,IDs_100_counties_5_points_seed_42,random,200,42,463,0.786169068400429,663,0.8299612019135703
USAVARS,TC,IDs_100_counties_5_points_seed_42,random,200,456,463,0.786169068400429,663,0.8290798588379452
USAVARS,TC,IDs_100_counties_5_points_seed_42,random,200,789,463,0.786169068400429,663,0.8402074153767072
USAVARS,TC,IDs_100_counties_5_points_seed_42,random,200,1,463,0.786169068400429,663,0.838049204658182
USAVARS,TC,IDs_100_counties_5_points_seed_42,random,200,123,463,0.786169068400429,663,0.8348436065169088
USAVARS,TC,IDs_100_counties_5_points_seed_42,typiclust,200,123,463,0.786169068400429,663,0.8279879786319325
USAVARS,TC,IDs_100_counties_5_points_seed_42,typiclust,200,1,463,0.786169068400429,663,0.8353282065041927
USAVARS,TC,IDs_100_counties_5_points_seed_42,typiclust,200,42,463,0.786169068400429,663,0.8335551610803518
USAVARS,TC,IDs_100_counties_5_points_seed_42,typiclust,200,456,463,0.786169068400429,663,0.8248908867770439
USAVARS,TC,IDs_100_counties_5_points_seed_42,typiclust,200,789,463,0.786169068400429,663,0.8314497372982053
USAVARS,TC,IDs_100_counties_5_points_seed_42,ensemble_variance,300,,463,0.7702795297073435,763,0.8368880292559389
USAVARS,TC,IDs_100_counties_5_points_seed_42,inversetypiclust,300,1,463,0.786169068400429,763,0.8438703682016646
USAVARS,TC,IDs_100_counties_5_points_seed_42,inversetypiclust,300,789,463,0.786169068400429,763,0.8528703066098489
USAVARS,TC,IDs_100_counties_5_points_seed_42,inversetypiclust,300,42,463,0.786169068400429,763,0.8379536111578906
USAVARS,TC,IDs_100_counties_5_points_seed_42,inversetypiclust,300,123,463,0.786169068400429,763,0.8337319877475302
USAVARS,TC,IDs_100_counties_5_points_seed_42,inversetypiclust,300,456,463,0.786169068400429,763,0.834627099312373
USAVARS,TC,IDs_100_counties_5_points_seed_42,random,300,42,463,0.786169068400429,763,0.8385780591142087
USAVARS,TC,IDs_100_counties_5_points_seed_42,random,300,123,463,0.786169068400429,763,0.8412999105912575
USAVARS,TC,IDs_100_counties_5_points_seed_42,random,300,456,463,0.786169068400429,763,0.8399565023174789
USAVARS,TC,IDs_100_counties_5_points_seed_42,random,300,1,463,0.786169068400429,763,0.8414379853998168
USAVARS,TC,IDs_100_counties_5_points_seed_42,random,300,789,463,0.786169068400429,763,0.8502622473343847
USAVARS,TC,IDs_100_counties_5_points_seed_42,typiclust,300,789,463,0.786169068400429,763,0.8386610731876921
USAVARS,TC,IDs_100_counties_5_points_seed_42,typiclust,300,456,463,0.786169068400429,763,0.8367895426567366
USAVARS,TC,IDs_100_counties_5_points_seed_42,typiclust,300,123,463,0.786169068400429,763,0.8298641666258938
USAVARS,TC,IDs_100_counties_5_points_seed_42,typiclust,300,1,463,0.786169068400429,763,0.8442641921741889
USAVARS,TC,IDs_100_counties_5_points_seed_42,typiclust,300,42,463,0.786169068400429,763,0.8393396879354066
USAVARS,TC,IDs_100_counties_5_points_seed_42,ensemble_variance,400,,463,0.7702795297073435,863,0.8415641076920808
USAVARS,TC,IDs_100_counties_5_points_seed_42,inversetypiclust,400,456,463,0.786169068400429,863,0.8550659141465187
USAVARS,TC,IDs_100_counties_5_points_seed_42,inversetypiclust,400,1,463,0.786169068400429,863,0.8531080152242622
USAVARS,TC,IDs_100_counties_5_points_seed_42,inversetypiclust,400,789,463,0.786169068400429,863,0.8556166470924409
USAVARS,TC,IDs_100_counties_5_points_seed_42,inversetypiclust,400,123,463,0.786169068400429,863,0.8540341630055708
USAVARS,TC,IDs_100_counties_5_points_seed_42,inversetypiclust,400,42,463,0.786169068400429,863,0.844889514693727
USAVARS,TC,IDs_100_counties_5_points_seed_42,random,400,1,463,0.786169068400429,863,0.847083698697303
USAVARS,TC,IDs_100_counties_5_points_seed_42,random,400,42,463,0.786169068400429,863,0.8468791566201527
USAVARS,TC,IDs_100_counties_5_points_seed_42,random,400,789,463,0.786169068400429,863,0.854676833237551
USAVARS,TC,IDs_100_counties_5_points_seed_42,random,400,123,463,0.786169068400429,863,0.844481546905549
USAVARS,TC,IDs_100_counties_5_points_seed_42,random,400,456,463,0.786169068400429,863,0.8455763300360557
USAVARS,TC,IDs_100_counties_5_points_seed_42,typiclust,400,42,463,0.786169068400429,863,0.8488919330770633
USAVARS,TC,IDs_100_counties_5_points_seed_42,typiclust,400,456,463,0.786169068400429,863,0.8475491238430122
USAVARS,TC,IDs_100_counties_5_points_seed_42,typiclust,400,1,463,0.786169068400429,863,0.8519777585344274
USAVARS,TC,IDs_100_counties_5_points_seed_42,typiclust,400,123,463,0.786169068400429,863,0.8487739629231644
USAVARS,TC,IDs_100_counties_5_points_seed_42,typiclust,400,789,463,0.786169068400429,863,0.8476497095373681
USAVARS,TC,IDs_100_counties_5_points_seed_42,ensemble_variance,500,,463,0.7702795297073435,963,0.8443782667955592
USAVARS,TC,IDs_100_counties_5_points_seed_42,inversetypiclust,500,789,463,0.786169068400429,963,0.8587726367904174
USAVARS,TC,IDs_100_counties_5_points_seed_42,inversetypiclust,500,456,463,0.786169068400429,963,0.8601020098691605
USAVARS,TC,IDs_100_counties_5_points_seed_42,inversetypiclust,500,1,463,0.786169068400429,963,0.8591855457288642
USAVARS,TC,IDs_100_counties_5_points_seed_42,inversetypiclust,500,42,463,0.786169068400429,963,0.8500211892248739
USAVARS,TC,IDs_100_counties_5_points_seed_42,inversetypiclust,500,123,463,0.786169068400429,963,0.8589062514244616
USAVARS,TC,IDs_100_counties_5_points_seed_42,random,500,789,463,0.786169068400429,963,0.8604908167880106
USAVARS,TC,IDs_100_counties_5_points_seed_42,random,500,42,463,0.786169068400429,963,0.8572799875939905
USAVARS,TC,IDs_100_counties_5_points_seed_42,random,500,123,463,0.786169068400429,963,0.85163931444615
USAVARS,TC,IDs_100_counties_5_points_seed_42,random,500,1,463,0.786169068400429,963,0.8437186735029869
USAVARS,TC,IDs_100_counties_5_points_seed_42,random,500,456,463,0.786169068400429,963,0.8527826736710009
USAVARS,TC,IDs_100_counties_5_points_seed_42,typiclust,500,456,463,0.786169068400429,963,0.8553841114662755
USAVARS,TC,IDs_100_counties_5_points_seed_42,typiclust,500,789,463,0.786169068400429,963,0.8482791896423798
USAVARS,TC,IDs_100_counties_5_points_seed_42,typiclust,500,1,463,0.786169068400429,963,0.8526527188105173
USAVARS,TC,IDs_100_counties_5_points_seed_42,typiclust,500,42,463,0.786169068400429,963,0.8498594282057395
USAVARS,TC,IDs_100_counties_5_points_seed_42,typiclust,500,123,463,0.786169068400429,963,0.8554036127321039
USAVARS,TC,IDs_100_counties_5_points_seed_42,ensemble_variance,1000,,463,0.7702795297073435,1463,0.8503747454440003
USAVARS,TC,IDs_100_counties_5_points_seed_42,inversetypiclust,1000,789,463,0.786169068400429,1463,0.873624298092758
USAVARS,TC,IDs_100_counties_5_points_seed_42,inversetypiclust,1000,123,463,0.786169068400429,1463,0.8742162289349895
USAVARS,TC,IDs_100_counties_5_points_seed_42,inversetypiclust,1000,456,463,0.786169068400429,1463,0.8751861431988183
USAVARS,TC,IDs_100_counties_5_points_seed_42,inversetypiclust,1000,42,463,0.786169068400429,1463,0.873175246067671
USAVARS,TC,IDs_100_counties_5_points_seed_42,inversetypiclust,1000,1,463,0.786169068400429,1463,0.8763895168620252
USAVARS,TC,IDs_100_counties_5_points_seed_42,random,1000,789,463,0.786169068400429,1463,0.871014363212187
USAVARS,TC,IDs_100_counties_5_points_seed_42,random,1000,456,463,0.786169068400429,1463,0.8695266466355556
USAVARS,TC,IDs_100_counties_5_points_seed_42,random,1000,123,463,0.786169068400429,1463,0.870104711171938
USAVARS,TC,IDs_100_counties_5_points_seed_42,random,1000,1,463,0.786169068400429,1463,0.8697030434254838
USAVARS,TC,IDs_100_counties_5_points_seed_42,random,1000,42,463,0.786169068400429,1463,0.868703403019263
USAVARS,TC,IDs_100_counties_5_points_seed_42,typiclust,1000,42,463,0.786169068400429,1463,0.8678103177234464
USAVARS,TC,IDs_100_counties_5_points_seed_42,typiclust,1000,456,463,0.786169068400429,1463,0.8713619261930163
USAVARS,TC,IDs_100_counties_5_points_seed_42,typiclust,1000,789,463,0.786169068400429,1463,0.8671432305297446
USAVARS,TC,IDs_100_counties_5_points_seed_42,typiclust,1000,1,463,0.786169068400429,1463,0.8667237803502702
USAVARS,TC,IDs_100_counties_5_points_seed_42,typiclust,1000,123,463,0.786169068400429,1463,0.874281356757596
USAVARS,TC,IDs_1500_centers_10000m_radius_seed_42,inversetypiclust,100,123,5951,0.8919003846954354,6051,0.8962631079844458
USAVARS,TC,IDs_1500_centers_10000m_radius_seed_42,inversetypiclust,100,456,5951,0.8919003846954354,6051,0.8931548827500653
USAVARS,TC,IDs_1500_centers_10000m_radius_seed_42,inversetypiclust,100,1,5951,0.8919003846954354,6051,0.8962411023024771
USAVARS,TC,IDs_1500_centers_10000m_radius_seed_42,inversetypiclust,100,789,5951,0.8919003846954354,6051,0.8923708021151424
USAVARS,TC,IDs_1500_centers_10000m_radius_seed_42,inversetypiclust,100,42,5951,0.8919003846954354,6051,0.8929558054202718
USAVARS,TC,IDs_1500_centers_10000m_radius_seed_42,random,100,123,5951,0.8919003846954354,6051,0.892611150107163
USAVARS,TC,IDs_1500_centers_10000m_radius_seed_42,random,100,1,5951,0.8919003846954354,6051,0.8922416409129494
USAVARS,TC,IDs_1500_centers_10000m_radius_seed_42,random,100,789,5951,0.8919003846954354,6051,0.8920385872653407
USAVARS,TC,IDs_1500_centers_10000m_radius_seed_42,random,100,456,5951,0.8919003846954354,6051,0.8918433728213694
USAVARS,TC,IDs_1500_centers_10000m_radius_seed_42,random,100,42,5951,0.8919003846954354,6051,0.8923733226882837
USAVARS,TC,IDs_1500_centers_10000m_radius_seed_42,typiclust,100,42,5951,0.8919003846954354,6051,0.8922360974030273
USAVARS,TC,IDs_1500_centers_10000m_radius_seed_42,typiclust,100,456,5951,0.8919003846954354,6051,0.89634208221462
USAVARS,TC,IDs_1500_centers_10000m_radius_seed_42,typiclust,100,123,5951,0.8919003846954354,6051,0.8922374126798821
USAVARS,TC,IDs_1500_centers_10000m_radius_seed_42,typiclust,100,1,5951,0.8919003846954354,6051,0.8923227644478576
USAVARS,TC,IDs_1500_centers_10000m_radius_seed_42,typiclust,100,789,5951,0.8919003846954354,6051,0.8926539003096376
USAVARS,TC,IDs_1500_centers_10000m_radius_seed_42,inversetypiclust,1000,1,5951,0.8919003846954354,6951,0.8995557350740635
USAVARS,TC,IDs_1500_centers_10000m_radius_seed_42,inversetypiclust,1000,42,5951,0.8919003846954354,6951,0.8990662282190848
USAVARS,TC,IDs_1500_centers_10000m_radius_seed_42,inversetypiclust,1000,789,5951,0.8919003846954354,6951,0.8960686322200309
USAVARS,TC,IDs_1500_centers_10000m_radius_seed_42,inversetypiclust,1000,123,5951,0.8919003846954354,6951,0.8993000758089182
USAVARS,TC,IDs_1500_centers_10000m_radius_seed_42,inversetypiclust,1000,456,5951,0.8919003846954354,6951,0.8989819283834006
USAVARS,TC,IDs_1500_centers_10000m_radius_seed_42,random,1000,456,5951,0.8919003846954354,6951,0.895510497027654
USAVARS,TC,IDs_1500_centers_10000m_radius_seed_42,random,1000,1,5951,0.8919003846954354,6951,0.897669422347629
USAVARS,TC,IDs_1500_centers_10000m_radius_seed_42,random,1000,42,5951,0.8919003846954354,6951,0.8969756622159932
USAVARS,TC,IDs_1500_centers_10000m_radius_seed_42,random,1000,789,5951,0.8919003846954354,6951,0.8990690012149695
USAVARS,TC,IDs_1500_centers_10000m_radius_seed_42,random,1000,123,5951,0.8919003846954354,6951,0.8996445147182967
USAVARS,TC,IDs_1500_centers_10000m_radius_seed_42,typiclust,1000,789,5951,0.8919003846954354,6951,0.8991519978779637
USAVARS,TC,IDs_1500_centers_10000m_radius_seed_42,typiclust,1000,42,5951,0.8919003846954354,6951,0.8989342101323412
USAVARS,TC,IDs_1500_centers_10000m_radius_seed_42,typiclust,1000,123,5951,0.8919003846954354,6951,0.8963224077665132
USAVARS,TC,IDs_1500_centers_10000m_radius_seed_42,typiclust,1000,1,5951,0.8919003846954354,6951,0.8945852678837148
USAVARS,TC,IDs_1500_centers_10000m_radius_seed_42,typiclust,1000,456,5951,0.8919003846954354,6951,0.8954957826828763
USAVARS,TC,IDs_500_centers_20000m_radius_seed_42,inversetypiclust,100,123,6429,0.8945783589604483,6529,0.8949423239687702
USAVARS,TC,IDs_500_centers_20000m_radius_seed_42,inversetypiclust,100,789,6429,0.8945783589604483,6529,0.8948083653570604
USAVARS,TC,IDs_500_centers_20000m_radius_seed_42,inversetypiclust,100,42,6429,0.8945783589604483,6529,0.8954891920191295
USAVARS,TC,IDs_500_centers_20000m_radius_seed_42,inversetypiclust,100,456,6429,0.8945783589604483,6529,0.8952840434039916
USAVARS,TC,IDs_500_centers_20000m_radius_seed_42,inversetypiclust,100,1,6429,0.8945783589604483,6529,0.8946414695817467
USAVARS,TC,IDs_500_centers_20000m_radius_seed_42,random,100,1,6429,0.8945783589604483,6529,0.8948091225761612
USAVARS,TC,IDs_500_centers_20000m_radius_seed_42,random,100,42,6429,0.8945783589604483,6529,0.8951305701275815
USAVARS,TC,IDs_500_centers_20000m_radius_seed_42,random,100,789,6429,0.8945783589604483,6529,0.8947851182647603
USAVARS,TC,IDs_500_centers_20000m_radius_seed_42,random,100,456,6429,0.8945783589604483,6529,0.896781258559188
USAVARS,TC,IDs_500_centers_20000m_radius_seed_42,random,100,123,6429,0.8945783589604483,6529,0.8945651138166825
USAVARS,TC,IDs_500_centers_20000m_radius_seed_42,typiclust,100,456,6429,0.8945783589604483,6529,0.8950432940537514
USAVARS,TC,IDs_500_centers_20000m_radius_seed_42,typiclust,100,123,6429,0.8945783589604483,6529,0.8948677044255743
USAVARS,TC,IDs_500_centers_20000m_radius_seed_42,typiclust,100,42,6429,0.8945783589604483,6529,0.894834073882556
USAVARS,TC,IDs_500_centers_20000m_radius_seed_42,typiclust,100,1,6429,0.8945783589604483,6529,0.8948041602347313
USAVARS,TC,IDs_500_centers_20000m_radius_seed_42,typiclust,100,789,6429,0.8945783589604483,6529,0.8962035553205483
USAVARS,TC,IDs_500_centers_20000m_radius_seed_42,inversetypiclust,1000,789,6429,0.8945783589604483,7429,0.8981261105396598
USAVARS,TC,IDs_500_centers_20000m_radius_seed_42,inversetypiclust,1000,456,6429,0.8945783589604483,7429,0.8989098366072421
USAVARS,TC,IDs_500_centers_20000m_radius_seed_42,inversetypiclust,1000,1,6429,0.8945783589604483,7429,0.8990945918078935
USAVARS,TC,IDs_500_centers_20000m_radius_seed_42,inversetypiclust,1000,42,6429,0.8945783589604483,7429,0.8990916331518825
USAVARS,TC,IDs_500_centers_20000m_radius_seed_42,inversetypiclust,1000,123,6429,0.8945783589604483,7429,0.8984405840498876
USAVARS,TC,IDs_500_centers_20000m_radius_seed_42,random,1000,789,6429,0.8945783589604483,7429,0.8981915748098258
USAVARS,TC,IDs_500_centers_20000m_radius_seed_42,random,1000,42,6429,0.8945783589604483,7429,0.8968323937448527
USAVARS,TC,IDs_500_centers_20000m_radius_seed_42,random,1000,456,6429,0.8945783589604483,7429,0.8984459609745555
USAVARS,TC,IDs_500_centers_20000m_radius_seed_42,random,1000,123,6429,0.8945783589604483,7429,0.8976064990604095
USAVARS,TC,IDs_500_centers_20000m_radius_seed_42,random,1000,1,6429,0.8945783589604483,7429,0.8977706816622957
USAVARS,TC,IDs_500_centers_20000m_radius_seed_42,typiclust,1000,789,6429,0.8945783589604483,7429,0.8983648973646841
USAVARS,TC,IDs_500_centers_20000m_radius_seed_42,typiclust,1000,42,6429,0.8945783589604483,7429,0.8964371498842444
USAVARS,TC,IDs_500_centers_20000m_radius_seed_42,typiclust,1000,123,6429,0.8945783589604483,7429,0.8979513336663028
USAVARS,TC,IDs_500_centers_20000m_radius_seed_42,typiclust,1000,1,6429,0.8945783589604483,7429,0.8956604729091802
USAVARS,TC,IDs_500_centers_20000m_radius_seed_42,typiclust,1000,456,6429,0.8945783589604483,7429,0.8978733697177893
USAVARS,TC,IDs_500_centers_5000m_radius_seed_42,ensemble_variance,100,,916,0.8469340575296707,1016,0.8498562228188964
USAVARS,TC,IDs_500_centers_5000m_radius_seed_42,inversetypiclust,100,456,916,0.844869297757783,1016,0.8503344188890661
USAVARS,TC,IDs_500_centers_5000m_radius_seed_42,inversetypiclust,100,789,916,0.844869297757783,1016,0.8495123561256971
USAVARS,TC,IDs_500_centers_5000m_radius_seed_42,inversetypiclust,100,123,916,0.844869297757783,1016,0.8500513110291672
USAVARS,TC,IDs_500_centers_5000m_radius_seed_42,inversetypiclust,100,1,916,0.844869297757783,1016,0.8482241042320318
USAVARS,TC,IDs_500_centers_5000m_radius_seed_42,inversetypiclust,100,42,916,0.844869297757783,1016,0.8528156246998875
USAVARS,TC,IDs_500_centers_5000m_radius_seed_42,random,100,42,916,0.844869297757783,1016,0.8499959741776044
USAVARS,TC,IDs_500_centers_5000m_radius_seed_42,random,100,1,916,0.844869297757783,1016,0.8471161819782282
USAVARS,TC,IDs_500_centers_5000m_radius_seed_42,random,100,123,916,0.844869297757783,1016,0.8520689168472451
USAVARS,TC,IDs_500_centers_5000m_radius_seed_42,random,100,789,916,0.844869297757783,1016,0.8500548321815735
USAVARS,TC,IDs_500_centers_5000m_radius_seed_42,random,100,456,916,0.844869297757783,1016,0.8506267012783184
USAVARS,TC,IDs_500_centers_5000m_radius_seed_42,typiclust,100,789,916,0.844869297757783,1016,0.8532550679562905
USAVARS,TC,IDs_500_centers_5000m_radius_seed_42,typiclust,100,456,916,0.844869297757783,1016,0.8437010753145119
USAVARS,TC,IDs_500_centers_5000m_radius_seed_42,typiclust,100,1,916,0.844869297757783,1016,0.8505159277300516
USAVARS,TC,IDs_500_centers_5000m_radius_seed_42,typiclust,100,123,916,0.844869297757783,1016,0.8552971428479861
USAVARS,TC,IDs_500_centers_5000m_radius_seed_42,typiclust,100,42,916,0.844869297757783,1016,0.8492463780166581
USAVARS,TC,IDs_500_centers_5000m_radius_seed_42,ensemble_variance,200,,916,0.8469340575296707,1116,0.8582235255546314
USAVARS,TC,IDs_500_centers_5000m_radius_seed_42,inversetypiclust,200,789,916,0.844869297757783,1116,0.8521722007668773
USAVARS,TC,IDs_500_centers_5000m_radius_seed_42,inversetypiclust,200,1,916,0.844869297757783,1116,0.857792259811393
USAVARS,TC,IDs_500_centers_5000m_radius_seed_42,inversetypiclust,200,123,916,0.844869297757783,1116,0.8565789376219166
USAVARS,TC,IDs_500_centers_5000m_radius_seed_42,inversetypiclust,200,42,916,0.844869297757783,1116,0.8523635103336293
USAVARS,TC,IDs_500_centers_5000m_radius_seed_42,inversetypiclust,200,456,916,0.844869297757783,1116,0.8523043555999523
USAVARS,TC,IDs_500_centers_5000m_radius_seed_42,random,200,456,916,0.844869297757783,1116,0.8540325370994859
USAVARS,TC,IDs_500_centers_5000m_radius_seed_42,random,200,123,916,0.844869297757783,1116,0.8556318220044861
USAVARS,TC,IDs_500_centers_5000m_radius_seed_42,random,200,1,916,0.844869297757783,1116,0.8504328917212326
USAVARS,TC,IDs_500_centers_5000m_radius_seed_42,random,200,789,916,0.844869297757783,1116,0.8567944293547596
USAVARS,TC,IDs_500_centers_5000m_radius_seed_42,random,200,42,916,0.844869297757783,1116,0.8580034448911777
USAVARS,TC,IDs_500_centers_5000m_radius_seed_42,typiclust,200,789,916,0.844869297757783,1116,0.8536921432459899
USAVARS,TC,IDs_500_centers_5000m_radius_seed_42,typiclust,200,123,916,0.844869297757783,1116,0.8607243313363743
USAVARS,TC,IDs_500_centers_5000m_radius_seed_42,typiclust,200,42,916,0.844869297757783,1116,0.8537559025569808
USAVARS,TC,IDs_500_centers_5000m_radius_seed_42,typiclust,200,1,916,0.844869297757783,1116,0.8548430030501024
USAVARS,TC,IDs_500_centers_5000m_radius_seed_42,typiclust,200,456,916,0.844869297757783,1116,0.850283123074711
USAVARS,TC,IDs_500_centers_5000m_radius_seed_42,ensemble_variance,300,,916,0.8469340575296707,1216,0.8566814357991582
USAVARS,TC,IDs_500_centers_5000m_radius_seed_42,inversetypiclust,300,456,916,0.844869297757783,1216,0.8563972681796226
USAVARS,TC,IDs_500_centers_5000m_radius_seed_42,inversetypiclust,300,123,916,0.844869297757783,1216,0.8577779031393862
USAVARS,TC,IDs_500_centers_5000m_radius_seed_42,inversetypiclust,300,1,916,0.844869297757783,1216,0.861945607190212
USAVARS,TC,IDs_500_centers_5000m_radius_seed_42,inversetypiclust,300,42,916,0.844869297757783,1216,0.8568174677170405
USAVARS,TC,IDs_500_centers_5000m_radius_seed_42,inversetypiclust,300,789,916,0.844869297757783,1216,0.857911674245145
USAVARS,TC,IDs_500_centers_5000m_radius_seed_42,random,300,456,916,0.844869297757783,1216,0.8578379699773859
USAVARS,TC,IDs_500_centers_5000m_radius_seed_42,random,300,123,916,0.844869297757783,1216,0.85709287826905
USAVARS,TC,IDs_500_centers_5000m_radius_seed_42,random,300,1,916,0.844869297757783,1216,0.8553253378478223
USAVARS,TC,IDs_500_centers_5000m_radius_seed_42,random,300,42,916,0.844869297757783,1216,0.8610820045367993
USAVARS,TC,IDs_500_centers_5000m_radius_seed_42,random,300,789,916,0.844869297757783,1216,0.859780060735459
USAVARS,TC,IDs_500_centers_5000m_radius_seed_42,typiclust,300,123,916,0.844869297757783,1216,0.8648559646872918
USAVARS,TC,IDs_500_centers_5000m_radius_seed_42,typiclust,300,1,916,0.844869297757783,1216,0.8588480534629779
USAVARS,TC,IDs_500_centers_5000m_radius_seed_42,typiclust,300,789,916,0.844869297757783,1216,0.8566733528209087
USAVARS,TC,IDs_500_centers_5000m_radius_seed_42,typiclust,300,42,916,0.844869297757783,1216,0.8571658772170705
USAVARS,TC,IDs_500_centers_5000m_radius_seed_42,typiclust,300,456,916,0.844869297757783,1216,0.8559618872192016
USAVARS,TC,IDs_500_centers_5000m_radius_seed_42,ensemble_variance,400,,916,0.8469340575296707,1316,0.8584388635399688
USAVARS,TC,IDs_500_centers_5000m_radius_seed_42,inversetypiclust,400,456,916,0.844869297757783,1316,0.8619094046405161
USAVARS,TC,IDs_500_centers_5000m_radius_seed_42,inversetypiclust,400,42,916,0.844869297757783,1316,0.8584127005475057
USAVARS,TC,IDs_500_centers_5000m_radius_seed_42,inversetypiclust,400,123,916,0.844869297757783,1316,0.8619706427718818
USAVARS,TC,IDs_500_centers_5000m_radius_seed_42,inversetypiclust,400,1,916,0.844869297757783,1316,0.8659006130546558
USAVARS,TC,IDs_500_centers_5000m_radius_seed_42,inversetypiclust,400,789,916,0.844869297757783,1316,0.8605071679284132
USAVARS,TC,IDs_500_centers_5000m_radius_seed_42,random,400,42,916,0.844869297757783,1316,0.866902053331238
USAVARS,TC,IDs_500_centers_5000m_radius_seed_42,random,400,789,916,0.844869297757783,1316,0.8633170161537791
USAVARS,TC,IDs_500_centers_5000m_radius_seed_42,random,400,1,916,0.844869297757783,1316,0.8567574657068863
USAVARS,TC,IDs_500_centers_5000m_radius_seed_42,random,400,123,916,0.844869297757783,1316,0.8606470762347422
USAVARS,TC,IDs_500_centers_5000m_radius_seed_42,random,400,456,916,0.844869297757783,1316,0.8627533992926237
USAVARS,TC,IDs_500_centers_5000m_radius_seed_42,typiclust,400,789,916,0.844869297757783,1316,0.8591662034259449
USAVARS,TC,IDs_500_centers_5000m_radius_seed_42,typiclust,400,123,916,0.844869297757783,1316,0.8649713072375711
USAVARS,TC,IDs_500_centers_5000m_radius_seed_42,typiclust,400,42,916,0.844869297757783,1316,0.8577256105134299
USAVARS,TC,IDs_500_centers_5000m_radius_seed_42,typiclust,400,456,916,0.844869297757783,1316,0.8614905618175255
USAVARS,TC,IDs_500_centers_5000m_radius_seed_42,typiclust,400,1,916,0.844869297757783,1316,0.8586225778153729
USAVARS,TC,IDs_500_centers_5000m_radius_seed_42,ensemble_variance,500,,916,0.8469340575296707,1416,0.8594519540680127
USAVARS,TC,IDs_500_centers_5000m_radius_seed_42,inversetypiclust,500,1,916,0.844869297757783,1416,0.8664408095747195
USAVARS,TC,IDs_500_centers_5000m_radius_seed_42,inversetypiclust,500,789,916,0.844869297757783,1416,0.8651274185316169
USAVARS,TC,IDs_500_centers_5000m_radius_seed_42,inversetypiclust,500,42,916,0.844869297757783,1416,0.8631965744637612
USAVARS,TC,IDs_500_centers_5000m_radius_seed_42,inversetypiclust,500,456,916,0.844869297757783,1416,0.86591264113833
USAVARS,TC,IDs_500_centers_5000m_radius_seed_42,inversetypiclust,500,123,916,0.844869297757783,1416,0.866796982954289
USAVARS,TC,IDs_500_centers_5000m_radius_seed_42,random,500,1,916,0.844869297757783,1416,0.8603516409554843
USAVARS,TC,IDs_500_centers_5000m_radius_seed_42,random,500,456,916,0.844869297757783,1416,0.8636661157201817
USAVARS,TC,IDs_500_centers_5000m_radius_seed_42,random,500,789,916,0.844869297757783,1416,0.8674678846875329
USAVARS,TC,IDs_500_centers_5000m_radius_seed_42,random,500,42,916,0.844869297757783,1416,0.8687247798394206
USAVARS,TC,IDs_500_centers_5000m_radius_seed_42,random,500,123,916,0.844869297757783,1416,0.8657862161824639
USAVARS,TC,IDs_500_centers_5000m_radius_seed_42,typiclust,500,789,916,0.844869297757783,1416,0.8626142417140985
USAVARS,TC,IDs_500_centers_5000m_radius_seed_42,typiclust,500,1,916,0.844869297757783,1416,0.8598599504891851
USAVARS,TC,IDs_500_centers_5000m_radius_seed_42,typiclust,500,456,916,0.844869297757783,1416,0.8648173882503865
USAVARS,TC,IDs_500_centers_5000m_radius_seed_42,typiclust,500,42,916,0.844869297757783,1416,0.8626588635879108
USAVARS,TC,IDs_500_centers_5000m_radius_seed_42,typiclust,500,123,916,0.844869297757783,1416,0.8678015236907047
USAVARS,TC,IDs_500_centers_5000m_radius_seed_42,ensemble_variance,1000,,916,0.8469340575296707,1916,0.8628998981945949
USAVARS,TC,IDs_500_centers_5000m_radius_seed_42,inversetypiclust,1000,1,916,0.844869297757783,1916,0.8787397447452912
USAVARS,TC,IDs_500_centers_5000m_radius_seed_42,inversetypiclust,1000,789,916,0.844869297757783,1916,0.8792685286695927
USAVARS,TC,IDs_500_centers_5000m_radius_seed_42,inversetypiclust,1000,123,916,0.844869297757783,1916,0.8793926142820753
USAVARS,TC,IDs_500_centers_5000m_radius_seed_42,inversetypiclust,1000,456,916,0.844869297757783,1916,0.8779949750155585
USAVARS,TC,IDs_500_centers_5000m_radius_seed_42,inversetypiclust,1000,42,916,0.844869297757783,1916,0.8782444366695981
USAVARS,TC,IDs_500_centers_5000m_radius_seed_42,random,1000,1,916,0.844869297757783,1916,0.8756614116145744
USAVARS,TC,IDs_500_centers_5000m_radius_seed_42,random,1000,123,916,0.844869297757783,1916,0.8766317838569352
USAVARS,TC,IDs_500_centers_5000m_radius_seed_42,random,1000,42,916,0.844869297757783,1916,0.876962503072833
USAVARS,TC,IDs_500_centers_5000m_radius_seed_42,random,1000,789,916,0.844869297757783,1916,0.8770367442417764
USAVARS,TC,IDs_500_centers_5000m_radius_seed_42,random,1000,456,916,0.844869297757783,1916,0.8745003072715885
USAVARS,TC,IDs_500_centers_5000m_radius_seed_42,typiclust,1000,456,916,0.844869297757783,1916,0.8772340141440921
USAVARS,TC,IDs_500_centers_5000m_radius_seed_42,typiclust,1000,123,916,0.844869297757783,1916,0.8754476795641005
USAVARS,TC,IDs_500_centers_5000m_radius_seed_42,typiclust,1000,789,916,0.844869297757783,1916,0.874659358940502
USAVARS,TC,IDs_500_centers_5000m_radius_seed_42,typiclust,1000,42,916,0.844869297757783,1916,0.8740099853567362
USAVARS,TC,IDs_500_centers_5000m_radius_seed_42,typiclust,1000,1,916,0.844869297757783,1916,0.8695635167909159
USAVARS,TC,IDs_500_counties_4_points_seed_42,ensemble_variance,100,,1938,0.8581364043194625,2038,0.8667456527479589
USAVARS,TC,IDs_500_counties_4_points_seed_42,inversetypiclust,100,42,1938,0.8591715400707717,2038,0.8641564568424456
USAVARS,TC,IDs_500_counties_4_points_seed_42,inversetypiclust,100,1,1938,0.8591715400707717,2038,0.8636331050486972
USAVARS,TC,IDs_500_counties_4_points_seed_42,inversetypiclust,100,123,1938,0.8591715400707717,2038,0.8657286869107688
USAVARS,TC,IDs_500_counties_4_points_seed_42,inversetypiclust,100,789,1938,0.8591715400707717,2038,0.8637823853046578
USAVARS,TC,IDs_500_counties_4_points_seed_42,inversetypiclust,100,456,1938,0.8591715400707717,2038,0.8612629931884961
USAVARS,TC,IDs_500_counties_4_points_seed_42,random,100,456,1938,0.8591715400707717,2038,0.8633695241464878
USAVARS,TC,IDs_500_counties_4_points_seed_42,random,100,123,1938,0.8591715400707717,2038,0.8641629266422332
USAVARS,TC,IDs_500_counties_4_points_seed_42,random,100,1,1938,0.8591715400707717,2038,0.8622408806001711
USAVARS,TC,IDs_500_counties_4_points_seed_42,random,100,42,1938,0.8591715400707717,2038,0.8614841410981369
USAVARS,TC,IDs_500_counties_4_points_seed_42,random,100,789,1938,0.8591715400707717,2038,0.8658461460534679
USAVARS,TC,IDs_500_counties_4_points_seed_42,typiclust,100,123,1938,0.8591715400707717,2038,0.863659325948098
USAVARS,TC,IDs_500_counties_4_points_seed_42,typiclust,100,789,1938,0.8591715400707717,2038,0.8655910931145657
USAVARS,TC,IDs_500_counties_4_points_seed_42,typiclust,100,42,1938,0.8591715400707717,2038,0.8635210142396796
USAVARS,TC,IDs_500_counties_4_points_seed_42,typiclust,100,456,1938,0.8591715400707717,2038,0.8636382536887188
USAVARS,TC,IDs_500_counties_4_points_seed_42,typiclust,100,1,1938,0.8591715400707717,2038,0.8631607022571877
USAVARS,TC,IDs_500_counties_4_points_seed_42,ensemble_variance,200,,1938,0.8581364043194625,2138,0.8687613452819563
USAVARS,TC,IDs_500_counties_4_points_seed_42,inversetypiclust,200,456,1938,0.8591715400707717,2138,0.8663474815147514
USAVARS,TC,IDs_500_counties_4_points_seed_42,inversetypiclust,200,1,1938,0.8591715400707717,2138,0.8664711476238716
USAVARS,TC,IDs_500_counties_4_points_seed_42,inversetypiclust,200,42,1938,0.8591715400707717,2138,0.8656830590463178
USAVARS,TC,IDs_500_counties_4_points_seed_42,inversetypiclust,200,789,1938,0.8591715400707717,2138,0.8681347353346116
USAVARS,TC,IDs_500_counties_4_points_seed_42,inversetypiclust,200,123,1938,0.8591715400707717,2138,0.8690296439683122
USAVARS,TC,IDs_500_counties_4_points_seed_42,random,200,123,1938,0.8591715400707717,2138,0.8677445941613702
USAVARS,TC,IDs_500_counties_4_points_seed_42,random,200,456,1938,0.8591715400707717,2138,0.8668853329595145
USAVARS,TC,IDs_500_counties_4_points_seed_42,random,200,42,1938,0.8591715400707717,2138,0.8649424574981168
USAVARS,TC,IDs_500_counties_4_points_seed_42,random,200,789,1938,0.8591715400707717,2138,0.8703490284333517
USAVARS,TC,IDs_500_counties_4_points_seed_42,random,200,1,1938,0.8591715400707717,2138,0.866565928391722
USAVARS,TC,IDs_500_counties_4_points_seed_42,typiclust,200,789,1938,0.8591715400707717,2138,0.8657742040215872
USAVARS,TC,IDs_500_counties_4_points_seed_42,typiclust,200,456,1938,0.8591715400707717,2138,0.8665542234268571
USAVARS,TC,IDs_500_counties_4_points_seed_42,typiclust,200,42,1938,0.8591715400707717,2138,0.8688430582512099
USAVARS,TC,IDs_500_counties_4_points_seed_42,typiclust,200,1,1938,0.8591715400707717,2138,0.8664607762622244
USAVARS,TC,IDs_500_counties_4_points_seed_42,typiclust,200,123,1938,0.8591715400707717,2138,0.8652512512012723
USAVARS,TC,IDs_500_counties_4_points_seed_42,ensemble_variance,300,,1938,0.8581364043194625,2238,0.870734635084782
USAVARS,TC,IDs_500_counties_4_points_seed_42,inversetypiclust,300,123,1938,0.8591715400707717,2238,0.8720781707323981
USAVARS,TC,IDs_500_counties_4_points_seed_42,inversetypiclust,300,42,1938,0.8591715400707717,2238,0.8687579993923822
USAVARS,TC,IDs_500_counties_4_points_seed_42,inversetypiclust,300,1,1938,0.8591715400707717,2238,0.8719819958807962
USAVARS,TC,IDs_500_counties_4_points_seed_42,inversetypiclust,300,456,1938,0.8591715400707717,2238,0.8720027106532924
USAVARS,TC,IDs_500_counties_4_points_seed_42,inversetypiclust,300,789,1938,0.8591715400707717,2238,0.8711240390149215
USAVARS,TC,IDs_500_counties_4_points_seed_42,random,300,456,1938,0.8591715400707717,2238,0.8693379507499936
USAVARS,TC,IDs_500_counties_4_points_seed_42,random,300,789,1938,0.8591715400707717,2238,0.8732526434107674
USAVARS,TC,IDs_500_counties_4_points_seed_42,random,300,123,1938,0.8591715400707717,2238,0.8704126123423876
USAVARS,TC,IDs_500_counties_4_points_seed_42,random,300,42,1938,0.8591715400707717,2238,0.8699610650615504
USAVARS,TC,IDs_500_counties_4_points_seed_42,random,300,1,1938,0.8591715400707717,2238,0.8696164654528931
USAVARS,TC,IDs_500_counties_4_points_seed_42,typiclust,300,789,1938,0.8591715400707717,2238,0.8680598503313219
USAVARS,TC,IDs_500_counties_4_points_seed_42,typiclust,300,1,1938,0.8591715400707717,2238,0.8698752271674686
USAVARS,TC,IDs_500_counties_4_points_seed_42,typiclust,300,123,1938,0.8591715400707717,2238,0.8707463603797436
USAVARS,TC,IDs_500_counties_4_points_seed_42,typiclust,300,42,1938,0.8591715400707717,2238,0.8731810546331322
USAVARS,TC,IDs_500_counties_4_points_seed_42,typiclust,300,456,1938,0.8591715400707717,2238,0.8698081282349156
USAVARS,TC,IDs_500_counties_4_points_seed_42,ensemble_variance,400,,1938,0.8581364043194625,2338,0.870675676507324
USAVARS,TC,IDs_500_counties_4_points_seed_42,inversetypiclust,400,42,1938,0.8591715400707717,2338,0.8740842933038316
USAVARS,TC,IDs_500_counties_4_points_seed_42,inversetypiclust,400,1,1938,0.8591715400707717,2338,0.8757555349054794
USAVARS,TC,IDs_500_counties_4_points_seed_42,inversetypiclust,400,456,1938,0.8591715400707717,2338,0.8736715517766214
USAVARS,TC,IDs_500_counties_4_points_seed_42,inversetypiclust,400,123,1938,0.8591715400707717,2338,0.8758834343090972
USAVARS,TC,IDs_500_counties_4_points_seed_42,inversetypiclust,400,789,1938,0.8591715400707717,2338,0.8740660106487677
USAVARS,TC,IDs_500_counties_4_points_seed_42,random,400,789,1938,0.8591715400707717,2338,0.875043986546938
USAVARS,TC,IDs_500_counties_4_points_seed_42,random,400,123,1938,0.8591715400707717,2338,0.8750676667521634
USAVARS,TC,IDs_500_counties_4_points_seed_42,random,400,456,1938,0.8591715400707717,2338,0.8716213287328011
USAVARS,TC,IDs_500_counties_4_points_seed_42,random,400,1,1938,0.8591715400707717,2338,0.8709022396384859
USAVARS,TC,IDs_500_counties_4_points_seed_42,random,400,42,1938,0.8591715400707717,2338,0.8732772502836406
USAVARS,TC,IDs_500_counties_4_points_seed_42,typiclust,400,1,1938,0.8591715400707717,2338,0.8703402063099399
USAVARS,TC,IDs_500_counties_4_points_seed_42,typiclust,400,456,1938,0.8591715400707717,2338,0.8727732550855004
USAVARS,TC,IDs_500_counties_4_points_seed_42,typiclust,400,123,1938,0.8591715400707717,2338,0.8722113146020714
USAVARS,TC,IDs_500_counties_4_points_seed_42,typiclust,400,789,1938,0.8591715400707717,2338,0.8716080961145246
USAVARS,TC,IDs_500_counties_4_points_seed_42,typiclust,400,42,1938,0.8591715400707717,2338,0.8737905780854371
USAVARS,TC,IDs_500_counties_4_points_seed_42,ensemble_variance,500,,1938,0.8581364043194625,2438,0.872685489114151
USAVARS,TC,IDs_500_counties_4_points_seed_42,inversetypiclust,500,42,1938,0.8591715400707717,2438,0.8749798752363371
USAVARS,TC,IDs_500_counties_4_points_seed_42,inversetypiclust,500,1,1938,0.8591715400707717,2438,0.8789131772570289
USAVARS,TC,IDs_500_counties_4_points_seed_42,inversetypiclust,500,123,1938,0.8591715400707717,2438,0.8770801996838624
USAVARS,TC,IDs_500_counties_4_points_seed_42,inversetypiclust,500,789,1938,0.8591715400707717,2438,0.877252768374186
USAVARS,TC,IDs_500_counties_4_points_seed_42,inversetypiclust,500,456,1938,0.8591715400707717,2438,0.8773171204415168
USAVARS,TC,IDs_500_counties_4_points_seed_42,random,500,42,1938,0.8591715400707717,2438,0.8740964455060855
USAVARS,TC,IDs_500_counties_4_points_seed_42,random,500,456,1938,0.8591715400707717,2438,0.873984576171012
USAVARS,TC,IDs_500_counties_4_points_seed_42,random,500,789,1938,0.8591715400707717,2438,0.8761717190590231
USAVARS,TC,IDs_500_counties_4_points_seed_42,random,500,123,1938,0.8591715400707717,2438,0.877985434140351
USAVARS,TC,IDs_500_counties_4_points_seed_42,random,500,1,1938,0.8591715400707717,2438,0.8740189525297358
USAVARS,TC,IDs_500_counties_4_points_seed_42,typiclust,500,42,1938,0.8591715400707717,2438,0.8751190247051713
USAVARS,TC,IDs_500_counties_4_points_seed_42,typiclust,500,123,1938,0.8591715400707717,2438,0.8740309503662431
USAVARS,TC,IDs_500_counties_4_points_seed_42,typiclust,500,789,1938,0.8591715400707717,2438,0.8743895467331757
USAVARS,TC,IDs_500_counties_4_points_seed_42,typiclust,500,1,1938,0.8591715400707717,2438,0.8705625024366984
USAVARS,TC,IDs_500_counties_4_points_seed_42,typiclust,500,456,1938,0.8591715400707717,2438,0.8766143777979198
USAVARS,TC,IDs_500_counties_4_points_seed_42,ensemble_variance,1000,,1938,0.8581364043194625,2938,0.8751325922180069
USAVARS,TC,IDs_500_counties_4_points_seed_42,inversetypiclust,1000,42,1938,0.8591715400707717,2938,0.8843476173760738
USAVARS,TC,IDs_500_counties_4_points_seed_42,inversetypiclust,1000,123,1938,0.8591715400707717,2938,0.8854190143226448
USAVARS,TC,IDs_500_counties_4_points_seed_42,inversetypiclust,1000,456,1938,0.8591715400707717,2938,0.8834382983550765
USAVARS,TC,IDs_500_counties_4_points_seed_42,inversetypiclust,1000,1,1938,0.8591715400707717,2938,0.8870634609373629
USAVARS,TC,IDs_500_counties_4_points_seed_42,inversetypiclust,1000,789,1938,0.8591715400707717,2938,0.8849169340353088
USAVARS,TC,IDs_500_counties_4_points_seed_42,random,1000,42,1938,0.8591715400707717,2938,0.8827035011974291
USAVARS,TC,IDs_500_counties_4_points_seed_42,random,1000,123,1938,0.8591715400707717,2938,0.8836152609162818
USAVARS,TC,IDs_500_counties_4_points_seed_42,random,1000,1,1938,0.8591715400707717,2938,0.880888127958181
USAVARS,TC,IDs_500_counties_4_points_seed_42,random,1000,789,1938,0.8591715400707717,2938,0.8857703145218201
USAVARS,TC,IDs_500_counties_4_points_seed_42,random,1000,456,1938,0.8591715400707717,2938,0.881244924283581
USAVARS,TC,IDs_500_counties_4_points_seed_42,typiclust,1000,123,1938,0.8591715400707717,2938,0.8826484582310349
USAVARS,TC,IDs_500_counties_4_points_seed_42,typiclust,1000,456,1938,0.8591715400707717,2938,0.8834823619063733
USAVARS,TC,IDs_500_counties_4_points_seed_42,typiclust,1000,789,1938,0.8591715400707717,2938,0.8817509685171521
USAVARS,TC,IDs_500_counties_4_points_seed_42,typiclust,1000,1,1938,0.8591715400707717,2938,0.880506816706254
USAVARS,TC,IDs_500_counties_4_points_seed_42,typiclust,1000,42,1938,0.8591715400707717,2938,0.8832592800935789
USAVARS,TC,IDs_750_centers_5000m_radius_seed_42,inversetypiclust,100,42,1370,0.8561380883270115,1470,0.8613654145175782
USAVARS,TC,IDs_750_centers_5000m_radius_seed_42,inversetypiclust,100,123,1370,0.8561380883270115,1470,0.8576946282778891
USAVARS,TC,IDs_750_centers_5000m_radius_seed_42,inversetypiclust,100,1,1370,0.8561380883270115,1470,0.8616192704887448
USAVARS,TC,IDs_750_centers_5000m_radius_seed_42,inversetypiclust,100,456,1370,0.8561380883270115,1470,0.8592887751848753
USAVARS,TC,IDs_750_centers_5000m_radius_seed_42,inversetypiclust,100,789,1370,0.8561380883270115,1470,0.85916338325425
USAVARS,TC,IDs_750_centers_5000m_radius_seed_42,random,100,42,1370,0.8561380883270115,1470,0.8609533425819105
USAVARS,TC,IDs_750_centers_5000m_radius_seed_42,random,100,123,1370,0.8561380883270115,1470,0.8596156222408418
USAVARS,TC,IDs_750_centers_5000m_radius_seed_42,random,100,1,1370,0.8561380883270115,1470,0.8589909316212978
USAVARS,TC,IDs_750_centers_5000m_radius_seed_42,random,100,789,1370,0.8561380883270115,1470,0.8605380326169282
USAVARS,TC,IDs_750_centers_5000m_radius_seed_42,random,100,456,1370,0.8561380883270115,1470,0.8590401966417704
USAVARS,TC,IDs_750_centers_5000m_radius_seed_42,typiclust,100,1,1370,0.8561380883270115,1470,0.8590448639089133
USAVARS,TC,IDs_750_centers_5000m_radius_seed_42,typiclust,100,123,1370,0.8561380883270115,1470,0.8634493327414738
USAVARS,TC,IDs_750_centers_5000m_radius_seed_42,typiclust,100,42,1370,0.8561380883270115,1470,0.8600341059634746
USAVARS,TC,IDs_750_centers_5000m_radius_seed_42,typiclust,100,456,1370,0.8561380883270115,1470,0.8580298446380006
USAVARS,TC,IDs_750_centers_5000m_radius_seed_42,typiclust,100,789,1370,0.8561380883270115,1470,0.8608092994198864
USAVARS,TC,IDs_750_centers_5000m_radius_seed_42,inversetypiclust,1000,789,1370,0.8561380883270115,2370,0.8817044252552821
USAVARS,TC,IDs_750_centers_5000m_radius_seed_42,inversetypiclust,1000,123,1370,0.8561380883270115,2370,0.8817043885044807
USAVARS,TC,IDs_750_centers_5000m_radius_seed_42,inversetypiclust,1000,456,1370,0.8561380883270115,2370,0.8814010379697653
USAVARS,TC,IDs_750_centers_5000m_radius_seed_42,inversetypiclust,1000,1,1370,0.8561380883270115,2370,0.8827044016369513
USAVARS,TC,IDs_750_centers_5000m_radius_seed_42,inversetypiclust,1000,42,1370,0.8561380883270115,2370,0.8808553274751686
USAVARS,TC,IDs_750_centers_5000m_radius_seed_42,random,1000,456,1370,0.8561380883270115,2370,0.8791883363595607
USAVARS,TC,IDs_750_centers_5000m_radius_seed_42,random,1000,789,1370,0.8561380883270115,2370,0.8782369719005566
USAVARS,TC,IDs_750_centers_5000m_radius_seed_42,random,1000,123,1370,0.8561380883270115,2370,0.88032164879065
USAVARS,TC,IDs_750_centers_5000m_radius_seed_42,random,1000,42,1370,0.8561380883270115,2370,0.8806364608301669
USAVARS,TC,IDs_750_centers_5000m_radius_seed_42,random,1000,1,1370,0.8561380883270115,2370,0.8806350854978872
USAVARS,TC,IDs_750_centers_5000m_radius_seed_42,typiclust,1000,456,1370,0.8561380883270115,2370,0.8803623808098878
USAVARS,TC,IDs_750_centers_5000m_radius_seed_42,typiclust,1000,42,1370,0.8561380883270115,2370,0.8800574388238602
USAVARS,TC,IDs_750_centers_5000m_radius_seed_42,typiclust,1000,1,1370,0.8561380883270115,2370,0.874538162202738
USAVARS,TC,IDs_750_centers_5000m_radius_seed_42,typiclust,1000,123,1370,0.8561380883270115,2370,0.88132007735033
USAVARS,TC,IDs_750_centers_5000m_radius_seed_42,typiclust,1000,789,1370,0.8561380883270115,2370,0.8792148613655438
